,grafo,best,conv,avg,worst,time,procs,conf,deviation
0,morady/TG4,34,100,34.0,34,0.036000000000000004,4,0,0.0
1,morady/TG9,21,100,21.0,21,0.045,4,0,0.0
2,morady/TG10,83,100,83.0,83,0.046,4,0,0.0
3,morady/TG11,20,100,20.0,20,0.05,4,0,0.0
4,morady/TG12,27,44,29.28,33,0.05,4,0,0.08444444444444449
5,morady/TG14,35,32,36.68,41,0.053,4,0,0.047999999999999994
6,morady/TG17,37,63,37.38,39,0.065,4,0,0.010270270270270339
7,morady/TG18,440,24,470.5,530,0.064,4,0,0.06931818181818182
8,morady/TGG9,16,100,16.0,16,0.045,4,0,0.0
9,morady/TGG11,49,100,49.0,49,0.05,4,0,0.0
10,morady/TGGG11,12,100,12.0,12,0.05,4,0,0.0
11,gauss/GAUSS18,44,23,47.14,55,0.065,4,0,0.07136363636363638
12,gauss/gauss27,67,1,73.09,81,0.081,4,0,0.09089552238805976
13,gauss/gauss35,93,0,98.89,107,0.10300000000000001,4,0,0.08670329670329671
14,gauss/gauss44,118,0,127.14,137,0.133,4,0,0.0960344827586207
15,gauss/gauss65,179,0,192.62,213,0.22,4,0,0.11341040462427748
16,laplace/laplace9,520,100,520.0,520,0.044000000000000004,4,0,0.0
17,laplace/laplace16,760,69,768.3,800,0.057999999999999996,4,0,0.010921052631578887
18,laplace/laplace25,1000,2,1051.7,1110,0.078,4,0,0.051700000000000045
19,laplace/laplace36,1280,0,1366.4,1440,0.107,4,0,0.08444444444444452
20,fft/fft15,560,91,561.8,580,0.055999999999999994,4,0,0.003214285714285633
21,fft/fft39,840,0,891.0,940,0.11800000000000001,4,0,0.08658536585365853
22,fft/fft95,1640,0,1708.0,1800,0.371,4,0,0.0675
23,fft/fft223,3580,0,3759.6,4080,1.527,4,0,0.06806818181818179
24,random/random30,751,23,780.79,828,0.10400000000000001,4,0,0.03966711051930754
25,random/random40,557,0,585.74,621,0.135,4,0,0.0649818181818182
26,random/random50,500,0,529.64,580,0.151,4,0,0.06782258064516127
27,morady/TG4,34,100,34.0,34,0.026000000000000002,4,1,0.0
28,morady/TG9,21,99,21.02,23,0.031,4,1,0.0009523809523809321
29,morady/TG10,83,100,83.0,83,0.03,4,1,0.0
30,morady/TG11,20,100,20.0,20,0.037000000000000005,4,1,0.0
31,morady/TG12,27,60,28.41,33,0.038,4,1,0.052222222222222225
32,morady/TG14,35,32,36.55,38,0.04,4,1,0.044285714285714206
33,morady/TG17,37,65,37.36,39,0.042,4,1,0.009729729729729714
34,morady/TG18,440,18,467.8,490,0.039,4,1,0.06318181818181821
35,morady/TGG9,16,100,16.0,16,0.033,4,1,0.0
36,morady/TGG11,49,100,49.0,49,0.040999999999999995,4,1,0.0
37,morady/TGGG11,12,100,12.0,12,0.036000000000000004,4,1,0.0
38,gauss/GAUSS18,44,18,47.09,52,0.04,4,1,0.0702272727272728
39,gauss/gauss27,67,1,72.68,81,0.046,4,1,0.08477611940298517
40,gauss/gauss35,92,0,97.3,105,0.054000000000000006,4,1,0.06923076923076919
41,gauss/gauss44,118,0,124.54,133,0.069,4,1,0.07362068965517246
42,gauss/gauss65,177,0,188.93,202,0.08,4,1,0.09208092485549137
43,laplace/laplace9,520,100,520.0,520,0.03,4,1,0.0
44,laplace/laplace16,760,95,760.8,800,0.037000000000000005,4,1,0.0010526315789473085
45,laplace/laplace25,1000,2,1041.9,1100,0.040999999999999995,4,1,0.04190000000000009
46,laplace/laplace36,1300,0,1350.9,1410,0.053,4,1,0.07214285714285722
47,fft/fft15,560,91,561.8,580,0.037000000000000005,4,1,0.003214285714285633
48,fft/fft39,840,0,880.2,940,0.054000000000000006,4,1,0.07341463414634151
49,fft/fft95,1640,0,1707.2,1820,0.092,4,1,0.06700000000000003
50,fft/fft223,3600,0,3704.4,3860,0.185,4,1,0.05238636363636366
51,random/random30,751,26,778.45,900,0.05,4,1,0.03655126498002669
52,random/random40,552,0,590.27,632,0.059000000000000004,4,1,0.07321818181818178
53,random/random50,496,4,521.04,552,0.055,4,1,0.05048387096774186
54,morady/TG4,34,100,34.0,34,0.026000000000000002,4,2,0.0
55,morady/TG9,21,98,21.04,23,0.031,4,2,0.0019047619047618642
56,morady/TG10,83,100,83.0,83,0.032,4,2,0.0
57,morady/TG11,20,97,20.03,21,0.033,4,2,0.0015000000000000568
58,morady/TG12,27,63,28.5,33,0.032,4,2,0.05555555555555555
59,morady/TG14,35,26,36.75,40,0.034,4,2,0.05
60,morady/TG17,37,53,37.5,39,0.04,4,2,0.013513513513513514
61,morady/TG18,440,25,467.3,510,0.038,4,2,0.06204545454545457
62,morady/TGG9,16,100,16.0,16,0.03,4,2,0.0
63,morady/TGG11,49,100,49.0,49,0.033,4,2,0.0
64,morady/TGGG11,12,100,12.0,12,0.032,4,2,0.0
65,gauss/GAUSS18,44,34,46.65,51,0.038,4,2,0.06022727272727269
66,gauss/gauss27,67,3,73.48,81,0.046,4,2,0.09671641791044783
67,gauss/gauss35,92,0,98.77,107,0.054000000000000006,4,2,0.08538461538461534
68,gauss/gauss44,116,1,125.38,134,0.061,4,2,0.0808620689655172
69,gauss/gauss65,178,0,190.61,206,0.078,4,2,0.10179190751445094
70,laplace/laplace9,520,100,520.0,520,0.03,4,2,0.0
71,laplace/laplace16,760,84,764.7,800,0.036000000000000004,4,2,0.006184210526315849
72,laplace/laplace25,1020,0,1055.6,1110,0.045,4,2,0.055599999999999906
73,laplace/laplace36,1300,0,1365.3,1430,0.057,4,2,0.08357142857142853
74,fft/fft15,560,84,563.2,580,0.037000000000000005,4,2,0.005714285714285796
75,fft/fft39,840,0,889.6,980,0.057999999999999996,4,2,0.08487804878048784
76,fft/fft95,1620,0,1717.2,1860,0.096,4,2,0.07325000000000002
77,fft/fft223,3640,0,3757.0,4000,0.20600000000000002,4,2,0.06732954545454546
78,random/random30,751,16,790.82,872,0.055999999999999994,4,2,0.05302263648468715
79,random/random40,550,1,584.38,621,0.067,4,2,0.0625090909090909
80,random/random50,496,1,528.32,576,0.062,4,2,0.06516129032258075
81,morady/TG4,34,100,34.0,34,0.062,4,3,0.0
82,morady/TG9,21,100,21.0,21,0.073,4,3,0.0
83,morady/TG10,83,100,83.0,83,0.076,4,3,0.0
84,morady/TG11,20,100,20.0,20,0.075,4,3,0.0
85,morady/TG12,27,32,29.55,33,0.076,4,3,0.09444444444444447
86,morady/TG14,35,16,36.91,41,0.079,4,3,0.05457142857142847
87,morady/TG17,37,57,37.43,38,0.08800000000000001,4,3,0.011621621621621614
88,morady/TG18,440,1,486.8,550,0.085,4,3,0.1063636363636364
89,morady/TGG9,16,100,16.0,16,0.075,4,3,0.0
90,morady/TGG11,49,100,49.0,49,0.08199999999999999,4,3,0.0
91,morady/TGGG11,12,100,12.0,12,0.078,4,3,0.0
92,gauss/GAUSS18,44,6,48.74,55,0.08800000000000001,4,3,0.10772727272727277
93,gauss/gauss27,69,0,74.93,81,0.107,4,3,0.11835820895522398
94,gauss/gauss35,94,0,99.33,107,0.127,4,3,0.09153846153846151
95,gauss/gauss44,121,0,127.14,136,0.14300000000000002,4,3,0.0960344827586207
96,gauss/gauss65,181,0,191.96,202,0.185,4,3,0.1095953757225434
97,laplace/laplace9,520,100,520.0,520,0.078,4,3,0.0
98,laplace/laplace16,760,92,762.9,800,0.087,4,3,0.0038157894736841804
99,laplace/laplace25,1000,4,1051.6,1110,0.105,4,3,0.05159999999999991
100,laplace/laplace36,1300,0,1364.5,1400,0.131,4,3,0.08293650793650793
101,fft/fft15,560,99,560.2,580,0.086,4,3,0.00035714285714293835
102,fft/fft39,840,0,879.0,940,0.13699999999999998,4,3,0.07195121951219512
103,fft/fft95,1620,0,1661.0,1720,0.244,4,3,0.038125
104,fft/fft223,3540,0,3578.4,3620,0.49200000000000005,4,3,0.016590909090909118
105,random/random30,751,25,784.89,828,0.122,4,3,0.0451264980026631
106,random/random40,558,0,581.66,625,0.152,4,3,0.0575636363636363
107,random/random50,496,2,524.16,572,0.14800000000000002,4,3,0.05677419354838703
108,morady/TG4,34,100,34.0,34,0.03,4,4,0.0
109,morady/TG9,21,100,21.0,21,0.039,4,4,0.0
110,morady/TG10,83,100,83.0,83,0.04,4,4,0.0
111,morady/TG11,20,100,20.0,20,0.040999999999999995,4,4,0.0
112,morady/TG12,27,28,29.84,33,0.040999999999999995,4,4,0.10518518518518517
113,morady/TG14,35,14,36.97,39,0.044000000000000004,4,4,0.05628571428571425
114,morady/TG17,37,51,37.49,38,0.052000000000000005,4,4,0.013243243243243297
115,morady/TG18,440,3,483.7,530,0.052000000000000005,4,4,0.09931818181818179
116,morady/TGG9,16,100,16.0,16,0.038,4,4,0.0
117,morady/TGG11,49,100,49.0,49,0.042,4,4,0.0
118,morady/TGGG11,12,100,12.0,12,0.040999999999999995,4,4,0.0
119,gauss/GAUSS18,44,4,48.6,54,0.052000000000000005,4,4,0.10454545454545458
120,gauss/gauss27,69,0,74.73,80,0.077,4,4,0.11537313432835827
121,gauss/gauss35,94,0,99.91,104,0.08900000000000001,4,4,0.09791208791208787
122,gauss/gauss44,120,0,126.94,135,0.10400000000000001,4,4,0.09431034482758618
123,gauss/gauss65,178,0,192.28,202,0.139,4,4,0.11144508670520231
124,laplace/laplace9,520,100,520.0,520,0.037000000000000005,4,4,0.0
125,laplace/laplace16,760,82,765.1,800,0.049,4,4,0.0067105263157895036
126,laplace/laplace25,1000,1,1056.6,1110,0.067,4,4,0.05659999999999991
127,laplace/laplace36,1290,0,1366.2,1420,0.09,4,4,0.08428571428571432
128,fft/fft15,560,95,561.0,580,0.047,4,4,0.0017857142857142857
129,fft/fft39,840,0,874.4,940,0.09699999999999999,4,4,0.06634146341463412
130,fft/fft95,1620,0,1661.0,1700,0.196,4,4,0.038125
131,fft/fft223,3540,0,3580.6,3620,0.441,4,4,0.017215909090909066
132,random/random30,751,17,791.13,828,0.08800000000000001,4,4,0.05343541944074567
133,random/random40,556,0,585.42,641,0.106,4,4,0.06439999999999993
134,random/random50,496,4,522.24,564,0.109,4,4,0.05290322580645163
135,morady/TG4,34,100,34.0,34,0.027000000000000003,4,5,0.0
136,morady/TG9,21,95,21.1,23,0.032,4,5,0.00476190476190483
137,morady/TG10,83,99,83.05,88,0.033,4,5,0.0006024096385541827
138,morady/TG11,20,98,20.02,21,0.035,4,5,0.0009999999999999788
139,morady/TG12,27,34,29.9,33,0.035,4,5,0.10740740740740735
140,morady/TG14,35,27,36.93,42,0.037000000000000005,4,5,0.05514285714285713
141,morady/TG17,37,58,37.43,39,0.040999999999999995,4,5,0.011621621621621614
142,morady/TG18,440,22,476.1,550,0.042,4,5,0.0820454545454546
143,morady/TGG9,16,100,16.0,16,0.032,4,5,0.0
144,morady/TGG11,49,100,49.0,49,0.035,4,5,0.0
145,morady/TGGG11,12,100,12.0,12,0.034,4,5,0.0
146,gauss/GAUSS18,44,21,47.24,54,0.039,4,5,0.07363636363636368
147,gauss/gauss27,69,0,74.36,83,0.048,4,5,0.10985074626865671
148,gauss/gauss35,93,0,98.82,112,0.059000000000000004,4,5,0.08593406593406586
149,gauss/gauss44,120,0,126.46,138,0.064,4,5,0.0901724137931034
150,gauss/gauss65,178,0,192.34,208,0.08,4,5,0.11179190751445088
151,laplace/laplace9,520,100,520.0,520,0.032,4,5,0.0
152,laplace/laplace16,760,79,765.7,800,0.038,4,5,0.00750000000000006
153,laplace/laplace25,1020,0,1057.5,1120,0.046,4,5,0.0575
154,laplace/laplace36,1300,0,1365.8,1430,0.057999999999999996,4,5,0.08396825396825393
155,fft/fft15,560,80,564.0,580,0.038,4,5,0.007142857142857143
156,fft/fft39,860,0,893.0,940,0.06,4,5,0.08902439024390243
157,fft/fft95,1640,0,1712.6,1860,0.10400000000000001,4,5,0.07037499999999994
158,fft/fft223,3580,0,3720.2,3900,0.21100000000000002,4,5,0.056874999999999946
159,random/random30,751,8,794.0,900,0.055999999999999994,4,5,0.05725699067909454
160,random/random40,559,0,591.1,650,0.068,4,5,0.07472727272727277
161,random/random50,496,1,528.64,576,0.064,4,5,0.0658064516129032
162,morady/TG4,34,100,34.0,34,0.028999999999999998,4,6,0.0
163,morady/TG9,21,100,21.0,21,0.034,4,6,0.0
164,morady/TG10,83,100,83.0,83,0.034,4,6,0.0
165,morady/TG11,20,100,20.0,20,0.036000000000000004,4,6,0.0
166,morady/TG12,27,83,27.68,31,0.035,4,6,0.025185185185185175
167,morady/TG14,35,34,36.48,40,0.038,4,6,0.0422857142857142
168,morady/TG17,37,72,37.28,38,0.043,4,6,0.007567567567567599
169,morady/TG18,440,38,463.8,490,0.042,4,6,0.05409090909090912
170,morady/TGG9,16,100,16.0,16,0.034,4,6,0.0
171,morady/TGG11,49,100,49.0,49,0.038,4,6,0.0
172,morady/TGGG11,12,100,12.0,12,0.036000000000000004,4,6,0.0
173,gauss/GAUSS18,44,31,46.49,49,0.042,4,6,0.056590909090909136
174,gauss/gauss27,67,4,71.22,78,0.051,4,6,0.06298507462686566
175,gauss/gauss35,91,1,96.49,103,0.063,4,6,0.06032967032967027
176,gauss/gauss44,118,0,123.92,130,0.07200000000000001,4,6,0.06827586206896553
177,gauss/gauss65,175,0,185.75,198,0.08900000000000001,4,6,0.07369942196531792
178,laplace/laplace9,520,100,520.0,520,0.034,4,6,0.0
179,laplace/laplace16,760,92,762.1,800,0.040999999999999995,4,6,0.002763157894736872
180,laplace/laplace25,1000,4,1043.0,1100,0.049,4,6,0.043
181,laplace/laplace36,1300,0,1352.9,1390,0.063,4,6,0.0737301587301588
182,fft/fft15,560,96,560.8,580,0.04,4,6,0.0014285714285713475
183,fft/fft39,840,0,878.0,940,0.066,4,6,0.07073170731707316
184,fft/fft95,1620,0,1673.6,1760,0.11,4,6,0.045999999999999944
185,fft/fft223,3580,0,3667.2,3800,0.23,4,6,0.04181818181818177
186,random/random30,751,25,776.75,828,0.061,4,6,0.034287616511318245
187,random/random40,557,0,580.61,625,0.083,4,6,0.05565454545454548
188,random/random50,500,0,517.44,556,0.075,4,6,0.043225806451613016
189,morady/TG4,34,100,34.0,34,0.033,4,7,0.0
190,morady/TG9,21,100,21.0,21,0.045,4,7,0.0
191,morady/TG10,83,100,83.0,83,0.049,4,7,0.0
192,morady/TG11,20,100,20.0,20,0.05,4,7,0.0
193,morady/TG12,27,42,29.11,33,0.053,4,7,0.07814814814814813
194,morady/TG14,35,9,37.06,39,0.055999999999999994,4,7,0.05885714285714292
195,morady/TG17,37,61,37.39,38,0.066,4,7,0.010540540540540556
196,morady/TG18,440,4,483.1,550,0.067,4,7,0.0979545454545455
197,morady/TGG9,16,100,16.0,16,0.045,4,7,0.0
198,morady/TGG11,49,100,49.0,49,0.05,4,7,0.0
199,morady/TGGG11,12,100,12.0,12,0.049,4,7,0.0
200,gauss/GAUSS18,44,10,47.94,53,0.068,4,7,0.0895454545454545
201,gauss/gauss27,69,0,74.15,78,0.087,4,7,0.10671641791044785
202,gauss/gauss35,93,0,99.08,106,0.11199999999999999,4,7,0.08879120879120878
203,gauss/gauss44,118,0,125.77,134,0.134,4,7,0.08422413793103445
204,gauss/gauss65,178,0,188.41,198,0.18899999999999997,4,7,0.0890751445086705
205,laplace/laplace9,520,100,520.0,520,0.045,4,7,0.0
206,laplace/laplace16,760,94,761.6,800,0.061,4,7,0.0021052631578947667
207,laplace/laplace25,1000,3,1050.8,1100,0.08199999999999999,4,7,0.050799999999999956
208,laplace/laplace36,1300,0,1360.6,1410,0.114,4,7,0.07984126984126977
209,fft/fft15,560,100,560.0,560,0.057999999999999996,4,7,0.0
210,fft/fft39,840,0,866.2,920,0.124,4,7,0.0563414634146342
211,fft/fft95,1600,1,1663.4,1820,0.276,4,7,0.039625000000000056
212,fft/fft223,3560,0,3665.2,3800,0.6409999999999999,4,7,0.041249999999999946
213,random/random30,751,27,770.69,828,0.107,4,7,0.026218375499334295
214,random/random40,552,0,571.75,604,0.139,4,7,0.03954545454545454
215,random/random50,496,5,513.04,540,0.141,4,7,0.03435483870967734
216,morady/TG4,34,100,34.0,34,0.03,4,8,0.0
217,morady/TG9,21,99,21.02,23,0.036000000000000004,4,8,0.0009523809523809321
218,morady/TG10,83,100,83.0,83,0.038,4,8,0.0
219,morady/TG11,20,100,20.0,20,0.038,4,8,0.0
220,morady/TG12,27,61,28.56,33,0.038,4,8,0.057777777777777733
221,morady/TG14,35,19,36.92,41,0.04,4,8,0.0548571428571429
222,morady/TG17,37,67,37.33,38,0.046,4,8,0.008918918918918873
223,morady/TG18,440,14,474.2,530,0.044000000000000004,4,8,0.0777272727272727
224,morady/TGG9,16,100,16.0,16,0.036000000000000004,4,8,0.0
225,morady/TGG11,49,100,49.0,49,0.04,4,8,0.0
226,morady/TGGG11,12,100,12.0,12,0.039,4,8,0.0
227,gauss/GAUSS18,44,20,47.16,54,0.046,4,8,0.07181818181818174
228,gauss/gauss27,67,2,72.36,78,0.054000000000000006,4,8,0.07999999999999999
229,gauss/gauss35,92,0,96.74,102,0.066,4,8,0.06307692307692302
230,gauss/gauss44,118,0,123.91,133,0.07400000000000001,4,8,0.06818965517241377
231,gauss/gauss65,176,0,187.39,200,0.09699999999999999,4,8,0.083179190751445
232,laplace/laplace9,520,100,520.0,520,0.038,4,8,0.0
233,laplace/laplace16,760,89,763.0,800,0.044000000000000004,4,8,0.003947368421052632
234,laplace/laplace25,1000,6,1045.2,1110,0.054000000000000006,4,8,0.045200000000000046
235,laplace/laplace36,1280,0,1356.8,1400,0.068,4,8,0.07682539682539678
236,fft/fft15,560,91,561.8,580,0.043,4,8,0.003214285714285633
237,fft/fft39,840,0,881.0,940,0.071,4,8,0.07439024390243902
238,fft/fft95,1620,0,1682.2,1760,0.11699999999999999,4,8,0.05137500000000003
239,fft/fft223,3580,0,3671.0,3820,0.24100000000000002,4,8,0.042897727272727275
240,random/random30,751,13,787.78,828,0.065,4,8,0.04897470039946734
241,random/random40,551,0,585.64,691,0.079,4,8,0.06479999999999997
242,random/random50,496,4,518.4,556,0.07400000000000001,4,8,0.0451612903225806
243,morady/TG4,34,100,34.0,34,0.028999999999999998,4,9,0.0
244,morady/TG9,21,99,21.02,23,0.038,4,9,0.0009523809523809321
245,morady/TG10,83,100,83.0,83,0.039,4,9,0.0
246,morady/TG11,20,99,20.01,21,0.040999999999999995,4,9,0.0005000000000000782
247,morady/TG12,27,28,30.1,33,0.042,4,9,0.11481481481481487
248,morady/TG14,35,20,37.07,42,0.044000000000000004,4,9,0.05914285714285715
249,morady/TG17,37,49,37.55,39,0.054000000000000006,4,9,0.014864864864864788
250,morady/TG18,440,5,484.3,550,0.053,4,9,0.1006818181818182
251,morady/TGG9,16,100,16.0,16,0.038,4,9,0.0
252,morady/TGG11,49,100,49.0,49,0.055,4,9,0.0
253,morady/TGGG11,12,100,12.0,12,0.043,4,9,0.0
254,gauss/GAUSS18,44,3,48.73,55,0.054000000000000006,4,9,0.10749999999999993
255,gauss/gauss27,69,0,75.09,83,0.087,4,9,0.12074626865671646
256,gauss/gauss35,94,0,100.55,114,0.087,4,9,0.10494505494505492
257,gauss/gauss44,121,0,129.46,142,0.10099999999999999,4,9,0.11603448275862076
258,gauss/gauss65,181,0,193.36,207,0.13699999999999998,4,9,0.11768786127167638
259,laplace/laplace9,520,100,520.0,520,0.039,4,9,0.0
260,laplace/laplace16,760,72,769.2,830,0.048,4,9,0.012105263157894796
261,laplace/laplace25,1020,0,1063.7,1110,0.063,4,9,0.06370000000000005
262,laplace/laplace36,1310,0,1373.9,1430,0.085,4,9,0.09039682539682548
263,fft/fft15,560,79,564.2,580,0.048,4,9,0.007500000000000081
264,fft/fft39,840,0,887.6,940,0.092,4,9,0.08243902439024393
265,fft/fft95,1620,0,1676.4,1720,0.17600000000000002,4,9,0.047750000000000056
266,fft/fft223,3540,0,3593.6,3660,0.41100000000000003,4,9,0.020909090909090884
267,random/random30,751,27,785.29,828,0.08,4,9,0.04565912117177092
268,random/random40,553,0,586.05,632,0.099,4,9,0.06554545454545446
269,random/random50,496,2,534.04,584,0.1,4,9,0.0766935483870967
270,morady/TG4,34,100,34.0,34,0.043,4,10,0.0
271,morady/TG9,21,99,21.02,23,0.055999999999999994,4,10,0.0009523809523809321
272,morady/TG10,83,100,83.0,83,0.057999999999999996,4,10,0.0
273,morady/TG11,20,98,20.02,21,0.063,4,10,0.0009999999999999788
274,morady/TG12,27,64,28.5,33,0.063,4,10,0.05555555555555555
275,morady/TG14,35,41,36.37,41,0.066,4,10,0.03914285714285707
276,morady/TG17,37,78,37.23,39,0.079,4,10,0.006216216216216132
277,morady/TG18,440,37,461.9,530,0.08,4,10,0.04977272727272722
278,morady/TGG9,16,100,16.0,16,0.057999999999999996,4,10,0.0
279,morady/TGG11,49,100,49.0,49,0.064,4,10,0.0
280,morady/TGGG11,12,100,12.0,12,0.064,4,10,0.0
281,gauss/GAUSS18,44,43,46.09,52,0.083,4,10,0.04750000000000008
282,gauss/gauss27,67,4,71.43,80,0.10300000000000001,4,10,0.06611940298507472
283,gauss/gauss35,91,1,96.14,104,0.131,4,10,0.05648351648351649
284,gauss/gauss44,118,0,123.13,132,0.168,4,10,0.06146551724137927
285,gauss/gauss65,175,0,186.25,196,0.26899999999999996,4,10,0.07658959537572255
286,laplace/laplace9,520,100,520.0,520,0.055999999999999994,4,10,0.0
287,laplace/laplace16,760,83,764.5,800,0.073,4,10,0.0059210526315789476
288,laplace/laplace25,1000,5,1048.9,1110,0.098,4,10,0.04890000000000009
289,laplace/laplace36,1280,0,1356.1,1400,0.136,4,10,0.0762698412698412
290,fft/fft15,560,92,561.6,580,0.07,4,10,0.002857142857142898
291,fft/fft39,840,0,878.2,940,0.146,4,10,0.07097560975609761
292,fft/fft95,1640,0,1710.6,1800,0.406,4,10,0.06912499999999994
293,fft/fft223,3600,0,3767.8,3940,1.476,4,10,0.07039772727272732
294,random/random30,751,12,784.15,879,0.131,4,10,0.04414114513981355
295,random/random40,554,0,583.61,625,0.161,4,10,0.06110909090909093
296,random/random50,496,2,518.28,552,0.183,4,10,0.044919354838709624
297,morady/TG4,34,100,34.0,34,0.036000000000000004,4,11,0.0
298,morady/TG9,21,100,21.0,21,0.042,4,11,0.0
299,morady/TG10,83,100,83.0,83,0.043,4,11,0.0
300,morady/TG11,20,99,20.01,21,0.045,4,11,0.0005000000000000782
301,morady/TG12,27,59,28.76,33,0.045,4,11,0.06518518518518525
302,morady/TG14,35,40,36.41,40,0.047,4,11,0.04028571428571419
303,morady/TG17,37,67,37.33,38,0.054000000000000006,4,11,0.008918918918918873
304,morady/TG18,440,30,462.4,490,0.052000000000000005,4,11,0.050909090909090855
305,morady/TGG9,16,100,16.0,16,0.044000000000000004,4,11,0.0
306,morady/TGG11,49,100,49.0,49,0.051,4,11,0.0
307,morady/TGGG11,12,100,12.0,12,0.05,4,11,0.0
308,gauss/GAUSS18,44,29,46.56,52,0.057999999999999996,4,11,0.05818181818181823
309,gauss/gauss27,67,4,71.88,80,0.068,4,11,0.07283582089552232
310,gauss/gauss35,93,0,96.86,104,0.08199999999999999,4,11,0.06439560439560439
311,gauss/gauss44,118,0,123.22,133,0.095,4,11,0.06224137931034482
312,gauss/gauss65,177,0,186.13,196,0.11900000000000001,4,11,0.07589595375722541
313,laplace/laplace9,520,100,520.0,520,0.044000000000000004,4,11,0.0
314,laplace/laplace16,760,83,764.7,800,0.054000000000000006,4,11,0.006184210526315849
315,laplace/laplace25,1000,8,1046.4,1100,0.067,4,11,0.046400000000000094
316,laplace/laplace36,1280,0,1352.5,1400,0.08800000000000001,4,11,0.07341269841269842
317,fft/fft15,560,93,561.4,580,0.06,4,11,0.0024999999999999593
318,fft/fft39,840,0,877.6,940,0.086,4,11,0.07024390243902442
319,fft/fft95,1620,0,1677.8,1760,0.138,4,11,0.048624999999999974
320,fft/fft223,3580,0,3649.4,3820,0.297,4,11,0.03676136363636366
321,random/random30,751,14,778.46,828,0.086,4,11,0.03656458055925438
322,random/random40,555,0,579.65,614,0.10400000000000001,4,11,0.053909090909090865
323,random/random50,496,6,517.0,552,0.09,4,11,0.04233870967741935
324,morady/TG4,34,100,34.0,34,0.053,4,12,0.0
325,morady/TG9,21,100,21.0,21,0.065,4,12,0.0
326,morady/TG10,83,100,83.0,83,0.068,4,12,0.0
327,morady/TG11,20,100,20.0,20,0.07400000000000001,4,12,0.0
328,morady/TG12,27,65,28.42,33,0.075,4,12,0.052592592592592656
329,morady/TG14,35,35,36.54,41,0.08199999999999999,4,12,0.04399999999999998
330,morady/TG17,37,60,37.4,38,0.092,4,12,0.010810810810810773
331,morady/TG18,440,35,464.0,520,0.095,4,12,0.05454545454545454
332,morady/TGG9,16,100,16.0,16,0.067,4,12,0.0
333,morady/TGG11,49,100,49.0,49,0.077,4,12,0.0
334,morady/TGGG11,12,100,12.0,12,0.076,4,12,0.0
335,gauss/GAUSS18,44,46,46.16,49,0.09,4,12,0.04909090909090901
336,gauss/gauss27,67,3,72.12,78,0.11699999999999999,4,12,0.07641791044776126
337,gauss/gauss35,91,4,96.12,104,0.15,4,12,0.05626373626373631
338,gauss/gauss44,116,1,123.12,132,0.18600000000000003,4,12,0.061379310344827624
339,gauss/gauss65,177,0,187.19,198,0.302,4,12,0.08202312138728322
340,laplace/laplace9,520,100,520.0,520,0.066,4,12,0.0
341,laplace/laplace16,760,91,762.6,800,0.084,4,12,0.0034210526315789774
342,laplace/laplace25,1000,6,1043.9,1100,0.11199999999999999,4,12,0.04390000000000009
343,laplace/laplace36,1300,0,1356.7,1410,0.157,4,12,0.07674603174603178
344,fft/fft15,560,87,562.6,580,0.081,4,12,0.004642857142857184
345,fft/fft39,840,0,886.0,940,0.172,4,12,0.08048780487804878
346,fft/fft95,1640,0,1707.0,1800,0.473,4,12,0.066875
347,fft/fft223,3620,0,3767.8,3920,1.6969999999999998,4,12,0.07039772727272732
348,random/random30,751,11,789.67,850,0.156,4,12,0.051491344873501946
349,random/random40,556,0,582.67,625,0.20199999999999999,4,12,0.059399999999999925
350,random/random50,496,3,521.88,568,0.221,4,12,0.0521774193548387
351,morady/TG4,34,100,34.0,34,0.048,4,13,0.0
352,morady/TG9,21,100,21.0,21,0.059000000000000004,4,13,0.0
353,morady/TG10,83,100,83.0,83,0.06,4,13,0.0
354,morady/TG11,20,100,20.0,20,0.068,4,13,0.0
355,morady/TG12,27,63,28.5,33,0.067,4,13,0.05555555555555555
356,morady/TG14,35,33,36.61,41,0.068,4,13,0.045999999999999985
357,morady/TG17,37,63,37.37,38,0.08199999999999999,4,13,0.00999999999999993
358,morady/TG18,440,36,465.6,520,0.08199999999999999,4,13,0.05818181818181823
359,morady/TGG9,16,100,16.0,16,0.059000000000000004,4,13,0.0
360,morady/TGG11,49,100,49.0,49,0.065,4,13,0.0
361,morady/TGGG11,12,100,12.0,12,0.065,4,13,0.0
362,gauss/GAUSS18,44,32,46.58,51,0.08199999999999999,4,13,0.0586363636363636
363,gauss/gauss27,67,5,72.27,78,0.10400000000000001,4,13,0.07865671641791039
364,gauss/gauss35,91,1,96.25,102,0.142,4,13,0.057692307692307696
365,gauss/gauss44,116,1,124.16,133,0.172,4,13,0.07034482758620687
366,gauss/gauss65,175,0,186.83,204,0.263,4,13,0.07994219653179198
367,laplace/laplace9,520,100,520.0,520,0.057,4,13,0.0
368,laplace/laplace16,760,85,763.9,800,0.07400000000000001,4,13,0.0051315789473683916
369,laplace/laplace25,1000,5,1048.3,1110,0.1,4,13,0.048299999999999954
370,laplace/laplace36,1300,0,1358.4,1400,0.138,4,13,0.07809523809523816
371,fft/fft15,560,94,561.2,580,0.07200000000000001,4,13,0.002142857142857224
372,fft/fft39,840,0,885.4,940,0.149,4,13,0.07975609756097558
373,fft/fft95,1640,0,1687.8,1760,0.444,4,13,0.05487499999999997
374,fft/fft223,3580,0,3721.8,3920,1.6869999999999998,4,13,0.05732954545454551
375,random/random30,751,21,781.3,828,0.135,4,13,0.040346205059920044
376,random/random40,557,0,582.25,618,0.179,4,13,0.05863636363636364
377,random/random50,496,3,520.76,572,0.2,4,13,0.049919354838709656
378,morady/TG4,34,100,34.0,34,0.047,4,14,0.0
379,morady/TG9,21,100,21.0,21,0.055999999999999994,4,14,0.0
380,morady/TG10,83,100,83.0,83,0.063,4,14,0.0
381,morady/TG11,20,100,20.0,20,0.062,4,14,0.0
382,morady/TG12,27,56,28.8,33,0.061,4,14,0.0666666666666667
383,morady/TG14,35,26,36.76,39,0.064,4,14,0.05028571428571423
384,morady/TG17,37,67,37.33,38,0.073,4,14,0.008918918918918873
385,morady/TG18,440,24,469.0,490,0.07400000000000001,4,14,0.0659090909090909
386,morady/TGG9,16,100,16.0,16,0.057,4,14,0.0
387,morady/TGG11,49,100,49.0,49,0.062,4,14,0.0
388,morady/TGGG11,12,100,12.0,12,0.065,4,14,0.0
389,gauss/GAUSS18,44,28,46.96,55,0.073,4,14,0.06727272727272729
390,gauss/gauss27,67,11,71.61,78,0.085,4,14,0.06880597014925373
391,gauss/gauss35,92,0,96.17,102,0.10300000000000001,4,14,0.05681318681318683
392,gauss/gauss44,116,1,123.12,132,0.113,4,14,0.061379310344827624
393,gauss/gauss65,177,0,186.33,196,0.14400000000000002,4,14,0.07705202312138736
394,laplace/laplace9,520,100,520.0,520,0.055,4,14,0.0
395,laplace/laplace16,760,90,763.1,800,0.069,4,14,0.004078947368421082
396,laplace/laplace25,1000,3,1043.9,1100,0.083,4,14,0.04390000000000009
397,laplace/laplace36,1300,0,1359.4,1410,0.11,4,14,0.07888888888888897
398,fft/fft15,560,94,561.2,580,0.067,4,14,0.002142857142857224
399,fft/fft39,840,0,874.8,940,0.10800000000000001,4,14,0.06682926829268288
400,fft/fft95,1620,0,1658.0,1720,0.18600000000000003,4,14,0.03625
401,fft/fft223,3540,0,3608.4,3700,0.389,4,14,0.02511363636363639
402,random/random30,751,27,777.23,828,0.11199999999999999,4,14,0.034926764314247696
403,random/random40,551,0,576.26,620,0.131,4,14,0.04774545454545453
404,random/random50,496,3,516.88,556,0.114,4,14,0.042096774193548375
